{
  "best_params": {
    "max_depth": null,
    "min_samples_leaf": 2,
    "min_samples_split": 5,
    "n_estimators": 50
  },
  "accuracy": 0.53,
  "f1_score": 0.5347,
  "confusion_matrix": [
    [
      52,
      52
    ],
    [
      42,
      54
    ]
  ],
  "feature_importance": {
    "Age": 0.6304183389035075,
    "Gender": 0.09815468929573923,
    "Condition": 0.13551258031558827,
    "Medication": 0.13591439148516504
  },
  "random_seed": 5496
}